gjork,gjork, , 
gjork,gjork, , 
gjork,gjork, , 
gjork,gjork, , 
gjork,gjork, , 
gjork,gjork, , 
gjork,gjork, , 
gjork,gjork, , 
gjork,gjork, , 
gjork,gjork, , 
gjork,gjork, , 
gjork,gjork, , 
gjork,gjork, , 
gjork,gjork, , 
gjork,gjork, , 
gjork,gjork, , 
gjork,gjork, , 
gjork,gjork, , 
gjork,gjork, , 
gjork,gjork, , 
gjork,gjork, , 
gjork,gjork, , 
gjork,gjork, , 
gjork,gjork, , 
gjork,gjork, , 
gjork,gjork, , 
gjork,gjork, , 
gjork,gjork, , 
gjork,gjork, , 
gjork,gjork, , 
gjork,gjork, , 
gjork,gjork, , 
gjork,gjork, , 
gjork,gjork, , 
gjork,gjork, , 
gjork,gjork, , 
gjork,gjork, , 
gjork,gjork, , 
gjork,gjork, , 
gjork,gjork, , 
gjork,gjork, , 
gjork,gjork, , 
gjork,gjork, , 
gjork,gjork, , 
gjork,gjork, , 
gjork,gjork, , 
gjork,gjork, , 
gjork,gjork, , 
gjork,gjork, , 
gjork,gjork, , 